Workbook

Sheet BAIXADA
B1: COORDENADOR: Marcelo - OBRAS REGIÃO - BAIXADA FLUMINENSE
B2: SEI | C2: FISCAL NOMEADO | D2: GESTOR(A) ATUANTE | E2: STATUS | F2: MUNICIPIO | G2: EMPRESA
A3: 1 | B3: 330018/001025/2021 | C3: NICHOLAS TAVARES / ARLINDO BASILIO | D3: CARLOS FERNANDES | E3: EXECUÇÃO | F3: DUQUE DE CAXIAS | G3: ACA
A4: 2 | B4: 330018/000190/2022 | C4: CAIO / LUIZ FILHO | D4: GISELLE G. FONSECA | E4: CONCLUIDA | F4: DUQUE DE CAXIAS | G4: BRASFORM
A5: 3 | B5: 330018/000568/2021 | C5: CAIO | D5: LUIZ FILHO | E5: ACEITE PROVISORIO | F5: JAPERI | G5: CMAX
A6: 4 | B6: 330018/000052/2022 | C6: NICHOLAS TAVARES / MAURÍCIO | D6: CARLOS FERNANDES | E6: DISTRATO | F6: DUQUE DE CAXIAS | G6: CONE ENGª
A7: 5 | B7: 170026/002777/2021 | C7: OSVALDO NETO | D7: GISELLE G. FONSECA | E7: DISTRATO | F7: JAPERI | G7: CONS. SÃO JOSÉ - HY./ MED.
A8: 6 | B8: 170026/000538/2022 | C8: JEHNIFFER PIRES / WASHINGTON | D8: CARLOS FERNANDES | E8: CONCLUIDA | F8: PETROPOLIS | G8: CONSÓRCIO ECONORTE GEOSONDA
A9: 7 | B9: 170026/001548/2021 | C9: NICHOLAS TAVARES / ARLINDO BASILIO | D9: CARLOS FERNANDES | E9: EXECUÇÃO | F9: SÃO JOÃO DE MERITI | G9: CONSÓRCIO SÃO JOÃO
A10: 8 | B10: 330018/000227/2022 | C10: MAURÍCIO | D10: CARLOS FERNANDES | E10: DISTRATO | F10: DUQUE DE CAXIAS | G10: CONSTRUTEC
A11: 9 | B11: 170026/000230/2022 | C11: ARLINDO BASILIO / OSVALDO NETO | D11: CARLOS FERNANDES | E11: #CONCLUIDA | F11: NOVA IGUAÇÚ | G11: DRATEC
A12: 10 | B12: 170026/001611/2020 | C12: OSVALDO NETO | D12: GISELLE G. FONSECA | E12: CONCLUIDA | F12: MANGARATIBA | G12: GONÇALVES NEVES
A13: 11 | B13: 330018/000333/2022 | C13: ARLINDO BASILIO / OSVALDO NETO | D13: CARLOS FERNANDES | E13: SUSPENSA | F13: MAGÉ | G13: GRAVISA
A14: 12 | B14: 330018/001303/2022 | C14: NICHOLAS TAVARES / OTAVIO FEITOSA | D14: CARLOS FERNANDES | E14: CONCLUIDA | F14: NOVA IGUAÇÚ | G14: CONSTRUTEC
... A50: 48 | B50: 330018/000529/2022 | C50: ARLINDO BASILIO / OTAVIO FEITOSA | D50: GISELLE G. FONSECA | E50: EXECUÇÃO | F50: NOVA IGUAÇÚ | G50: SANTA LUZIA

Sheet NORTE
B1: OBRAS REGIÃO - NORTE
B2: SEI | C2: FISCAL NOMEADO | D2: GESTOR(A) ATUANTE | E2: STATUS | F2: MUNICIPIO | G2: EMPRESA
A3: 1 | B3: 330018/000619/2021 | C3: JEHNIFFER PIRES / ANDREIA VASQUES | D3: ISADORA ROSALINO | E3: #CONCLUIDA | F3: CAMPOS | G3: PARQUE SARAIVA
A4: 2 | B4: 330018/000480/2022 | C4: CAIO / JOÃO RODRIGUES | D4: CARLOS FERNANDES | E4: ACEITE DEFINITIVO | F4: SÃO JOSÉ DE UBÁ | G4: CTESA
A5: 3 | B5: 330018/000694/2021 | C5: JEHNIFFER PIRES / ANDREIA VASQUES | D5: ISADORA ROSALINO | E5: EXECUÇÃO | F5: CAMPOS | G5: IMBEG
A6: 4 | B6: 330018/000695/2021 | C6: JEHNIFFER PIRES / ANDREIA VASQUES | D6: ISADORA ROSALINO | E6: EXECUÇÃO | F6: CAMPOS | G6: ACA
A7: 5 | B7: 330018/000696/2021 | C7: JEHNIFFER PIRES / ANDREIA VASQUES | D7: ISADORA ROSALINO | E7: EXECUÇÃO | F7: CAMPOS | G7: NOVO MUNDO
A8: 6 | B8: 170026/002043/2021 | C8: LIVIA ALVIM / ANDREIA VASQUES | D8: JEHNIFFER PIRES | E8: DISTRATO | F8: CAMPOS | G8: METROPOLITANA
A9: 7 | B9: 170026/001792/2021 | C9: LUCIANA POSTIÇO / NICHOLAS TAVARES | D9: ISADORA ROSALINO | E9: ACEITE PROVISORIO | F9: TERESOPOLIS | G9: JKN
A10: 8 | B10: 170026/003264/2021 | C10: LIVIA ALVIM | D10: ISADORA ROSALINO | E10: CONCLUIDA | F10: ARARUAMA | G10: OMEGA
A11: 9 | B11: 170026/002183/2021 | C11: LIVIA ALVIM | D11: ISADORA ROSALINO | E11: CONCLUIDA | F11: CARDOSO DE MORAES | G11: R.C. VIEIRA
A12: 10 | B12: 170026/001772/2022 | C12: JEHNIFFER PIRES / ANDREIA VASQUES | D12: ISADORA ROSALINO | E12: EXECUÇÃO | F12: CONCEIÇÃO DE MACABU | G12: PETROPUMP
A13: 11 | B13: 330018/001380/2022 | C13: JEHNIFFER PIRES / ANDREIA VASQUES | D13: ISADORA ROSALINO | E13: #CONCLUIDA | F13: IGUABA GRANDE | G13: FLUMINENSE
A14: 12 | B14: 330018/000982/2021 | C14: CAIO / ARLINDO BASILIO | D14: CARLOS FERNANDES | E14: ACEITE DEFINITIVO | F14: NOVA FRIBURGO | G14: SOLOTESTE
... A21: 19 | B21: 330001/001345/2025 | C21: ANDREIA VASQUES / LUCIANA POSTIÇO | D21: JEHNIFFER PIRES | E21: EXECUÇÃO | F21: CAMPOS DOS GOYTACAZES | G21: FAB MIX CONCRETOS

Sheet SUL
B1: OBRAS REGIÃO - SUL
B2: SEI | C2: FISCAL NOMEADO | D2: GESTOR(A) ATUANTE | E2: STATUS | F2: MUNICIPIO | G2: EMPRESA
A3: 1 | B3: 330018/001109/2022 | C3: LUCIANA POSTIÇO / LEANDRO RAMOS | D3: JAQUELINE PASTÓRIO | E3: EXECUÇÃO | F3: BARRA MANSA | G3: STATLED BRASIL
A4: 2 | B4: 460001/001617/2023 | C4: NICHOLAS TAVARES / HIGOR MARTINS | D4: IGOR CARNEIRO | E4: EXECUÇÃO | F4: VASSOURAS | G4: IPHAN
A5: 3 | B5: 330018/000053/2023 | C5: LUCIANA POSTIÇO / LEANDRO RAMOS | D5: JAQUELINE PASTÓRIO | E5: EXECUÇÃO | F5: BARRA MANSA | G5: ABRE CONSTRUÇÕES LTDA
A6: 4 | B6: 330018/000737/2022 | C6: JOÃO RODRIGUES / LEANDRO RAMOS | D6: CARLOS FERNANDES | E6: #CONCLUIDA | F6: MENDES | G6: CMHR
A7: 5 | B7: 330018/000931/2021 | C7: JOÃO RODRIGUES / LEANDRO RAMOS | D7: CARLOS FERNANDES | E7: #CONCLUIDA | F7: PORTO REAL | G7: COMAL
A8: 6 | B8: 170026/002680/2021 | C8: OSVALDO NETO/ ARLINDO BASILIO | D8: GISELLE G. FONSECA | E8: CONCLUIDA | F8: QUATIS | G8: COMAL
A9: 7 | B9: 330018/000732/2021 | C9: ARLINDO BASILIO / JOÃO RODRIGUES | D9: LUIZ FILHO | E9: CONCLUIDA | F9: RESENDE | G9: COMAL
A10: 8 | B10: 170026/002017/2021 | C10: LUCIANA POSTIÇO / LEANDRO RAMOS | D10: JAQUELINE PASTÓRIO | E10: #CONCLUIDA | F10: RESENDE | G10: DE SÁ
A11: 9 | B11: 330018/000697/2021 | C11: LUCIANA POSTIÇO / LEANDRO RAMOS | D11: JAQUELINE PASTÓRIO | E11: CONCLUIDA | F11: RIO CLARO | G11: CMAX
A12: 10 | B12: 330018/000699/2021 | C12: LUCIANA POSTIÇO / LEANDRO RAMOS | D12: JAQUELINE PASTÓRIO | E12: EXECUÇÃO | F12: RIO CLARO | G12: CMAX (oficio Acessibilidade)
A13: 11 | B13: 330018/000630/2021 | C13: LUCIANA POSTIÇO / LEANDRO RAMOS | D13: JAQUELINE PASTÓRIO | E13: EXECUÇÃO | F13: VOLTA REDONDA | G13: DEMOB 1
A14: 12 | B14: 330018/000066/2022 | C14: JOÃO RODRIGUES / CAIO | D14: LUIZ FILHO | E14: CONCLUIDA | F14: LEVY GASPARIAN | G14: FARO LTDA
... A31: 29 | B31: 330001/001080/2025 | C31: LUCIANA POSTIÇO / LEANDRO RAMOS | D31: JAQUELINE PASTÓRIO | E31: EXECUÇÃO | F31: BARRA DO PIRAÍ | G31: AXIAL

Sheet CONTIGENCIA
B1: OBRAS - CONTIGENCIAS
B2: SEI | C2: FISCAL NOMEADO | D2: GESTOR(A) ATUANTE | E2: STATUS | F2: MUNICIPIO | G2: EMPRESA
A3: 1 | B3: 330001/001217/2024 | C3: ARLINDO BASILIO / JOÃO RODRIGUES | D3: GISELLE G. FONSECA | E3: ACEITE DEFINITIVO | F3: MENDES | G3: CONS MENDES / KLABIN
A4: 2 | B4: 330018/000245/2022 | C4: LUCIANA POSTIÇO / LEANDRO RAMOS | D4: GISELLE G. FONSECA | E4: ACEITE DEFINITIVO | F4: RIO BONITO | G4: ENEX CONSTRUÇÕES LTDA
A5: 3 | B5: 330001/001081/2025 | C5: NICHOLAS TAVARES / OTAVIO FEITOSA | D5: CARLOS FERNANDES | E5: EXECUÇÃO | F5: RIO DE JANEIRO | G5: SOLVE CONSULTORIA
A6: 4 | B6: 330001/001278/2024 | C6: NICHOLAS TAVARES / ARLINDO BASILIO | D6: GISELLE G. FONSECA | E6: ACEITE DEFINITIVO | F6: NILOPOLIS | G6: SOLOTESTE
A7: 5 | B7: 330001/001280/2024 | C7: ARLINDO BASILIO / NICHOLAS TAVARES | D7: GISELLE G. FONSECA | E7: EXECUÇÃO | F7: NILOPOLIS | G7: SOLOTESTE
A8: 6 | B8: 330018/000421/2023 | C8: ARLINDO BASILIO / NICHOLAS TAVARES | D8: GISELLE G. FONSECA | E8: EXECUÇÃO | F8: PETROPOLIS | G8: ECONORTE
A9: 7 | B9: 330001/001275/2024 | C9: ARLINDO BASILIO / NICHOLAS TAVARES | D9: GISELLE G. FONSECA | E9: EXECUÇÃO | F9: NILÓPOLIS | G9: MARENGE
A10: 8 | B10: E-17/001/219/2018 | C10: ANDREIA VASQUES / ISADORA ROSALINO | D10: JEHNIFFER PIRES | E10: EXECUÇÃO | F10: BOM JARDIM | G10: SOPE ENGENHARIA
A11: 9 | B11: 330001/001337/2025 | C11: ARLINDO BASILIO / NICHOLAS TAVARES | D11: GISELLE G. FONSECA | E11: EXECUÇÃO | F11: PETROPOLIS | G11: DRV
A12: 10
A13: 11
A14: 12
A15: 13
A16: 14
A17: 15
A18: 16
A19: 17
A20: 18
A21: 19

Sheet ESPECIAIS
B1: OBRAS - ESPECIAIS
B2: SEI | C2: FISCAL NOMEADO | D2: GESTOR(A) ATUANTE | E2: STATUS | F2: MUNICIPIO | G2: EMPRESA
A3: 1 | B3: 390005/000096/2021 | D3: MARCUS | E3: ACEITE DEFINITIVO | F3: RIO DE JANEIRO | G3: ABBM
A4: 2 | B4: 170026/001374/2022 | D4: JAQUELINE PASTÓRIO | E4: CONCLUIDA | F4: ANGRA DOS REIS | G4: BARRA NOVA
A5: 3 | B5: E-17/026/0056/2020 | D5: ERICK HYLARIO | E5: ACEITE DEFINITIVO | F5: NOVA IGUAÇU | G5: BIG FARM
A6: 4 | B6: E-17/026/1892/2019 | D6: CESAR | E6: CONCLUIDA | F6: RIO DE JANEIRO | G6: BIG FARM
A7: 5 | B7: 330001/000097/2024 | C7: OSVALDO NETO / DANRLEI GOMES | D7: ERICK HYLARIO | E7: EXECUÇÃO | F7: RIO DE JANEIRO | G7: CONS.COPACABANA
A8: 6 | B8: 170026/000821/2021 | C8: OSVALDO NETO / HIGOR MARTINS | D8: IGOR CARNEIRO | E8: #CONCLUIDA | F8: RIO DE JANEIRO | G8: CARLETTI
A9: 7 | B9: 150001/012862/2022 | D9: AIMAR FILHO | E9: ACEITE DEFINITIVO | F9: RIO DE JANEIRO | G9: CONCREJATO
A10: 8 | B10: 460001/001918/2023 | C10: HIGOR MARTINS / DANRLEI GOMES | D10: ERICK HYLARIO | E10: EXECUÇÃO | F10: RIO DE JANEIRO | G10: COPACABANA R2X/TANGRAM
A11: 9 | B11: 330001/000247/2025 | C11: OSVALDO NETO / HIGOR MARTINS | D11: ERICK HYLARIO | E11: EXECUÇÃO | F11: RIO DE JANEIRO | G11: FAB MIX CONCRETOS
A12: 10 | B12: 330001/000414/2024 | C12: HIGOR MARTINS / DANRLEI GOMES | D12: ERICK HYLARIO | E12: EXECUÇÃO | F12: RIO DE JANEIRO | G12: MPE
A13: 11 | B13: 170026/001228/2022 | D13: JAQUELINE PASTÓRIO | E13: CONCLUIDA | F13: MANGARATIBA | G13: DRV
A14: 12 | B14: 460001/000251/2023 | D14: JAQUELINE PASTÓRIO | E14: CONCLUIDA | F14: CAMPOS DOS GOYTACAZES | G14: DRV ENGENHARIA
A15: 13 | B15: 460001/000779/2023 | D15: ERICK HYLARIO | E15: ACEITE PROVISORIO | F15: PETRÓPOLIS | G15: ENGEPRAT
A16: 14 | B16: E-17/026/903/2019 | D16: JAQUELINE PASTÓRIO | E16: DISTRATO | F16: RIO DE JANEIRO | G16: ENGEPRAT
A17: 15 | B17: 170026/000233/2022 | C17: DANRLEI GOMES / IZADORA COE | D17: ERICK HYLARIO | E17: EXECUÇÃO | F17: NOVA FRIBURGO | G17: MPE
A18: 16 | B18: 170026/001756/2021 | D18: ERICK HYLARIO | E18: DISTRATO | F18: RIO DE JANEIRO | G18: MPE
A19: 17 | B19: 170026/001757/2021 | D19: ERICK HYLARIO | E19: DISTRATO | F19: RIO DE JANEIRO | G19: MPE
A20: 18 | B20: 170026/000277/2021 | C20: HIGOR MARTINS / IZADORA COE | D20: IGOR CARNEIRO | E20: EXECUÇÃO | F20: RIO DE JANEIRO | G20: CARLETTI
A21: 19 | B21: 180007/000770/2022 | C21: HIGOR MARTINS / DANRLEI GOMES | D21: IGOR CARNEIRO | E21: EXECUÇÃO | F21: RIO DE JANEIRO | G21: CONSTRUPOWER
A22: 20 | B22: 330018/000566/2021 | D22: GISELLE G. FONSECA | E22: ACEITE DEFINITIVO | F22: JAPERI | G22: OMEGA
A23: 21 | B23: 460001/000416/2023 | C23: HIGOR MARTINS / IZADORA COE | D23: IGOR CARNEIRO | E23: EXECUÇÃO | F23: DUQUE DE CAXIAS | G23: ÔMEGA
A24: 22 | B24: 330018/000981/2021 | D24: JAQUELINE PASTÓRIO | E24: CONCLUIDA | F24: NOVA FRIBURGO | G24: ÔMEGA
A25: 23 | B25: 170026/003470/2021 | C25: HIGOR MARTINS / DANRLEI GOMES | D25: ERICK HYLARIO | E25: ACEITE PROVISORIO | F25: RIO DE JANEIRO | G25: PETROPUMP
A26: 24 | B26: E-17/026/1514/2019 | D26: AIMAR FILHO | E26: DISTRATO | F26: RIO DE JANEIRO | G26: VCE
A27: 25 | B27: 170026/000214/2022 | D27: ERICK HYLARIO | E27: EXECUÇÃO | F27: RIO DE JANEIRO | G27: POMA

Sheet AUXILIAR
A1: SEI | B1: GESTOR | C1: REGIAO | D1: Coluna1 | E1: STATUS | F1: LOCAL
A2: 170026/000233/2022 | B2: =UPPER(TRIM(UPPER(IFERROR(VLOOKUP(A2,INDIRECT("'BAIXADA'!$B$3:$I$51"),3,FALSE), IFERROR(VLOOKUP(A2,INDIRECT("'NORTE'!$B$3:$I$21"),3,FALSE), IFERROR(VLOOKUP(A2,INDIRECT("'SUL'!$B$3:$I$31"),3,FALSE), IFERROR(VLOOKUP(A2,INDIRECT("'CONTIGENCIA'!$B$3:$I$22"),3,FALSE), IFERROR(VLOOKUP(A2,INDIRECT("'ESPECIAIS'!$B$3:$I$27"),3,FALSE),"")))))))) -> ERICK HYLARIO | C2: =IF(OR(B2="CARLOS FERNANDES", B2="GISELLE G. FONSECA"), "BAIXADA", IF(OR(B2="ISADORA ROSALINO", B2="JEHNIFFER PIRES"), "NORTE", IF(OR(B2="LUIZ FILHO", B2="MARCUS", B2="JAQUELINE PASTÓRIO"), "SUL", IF(OR(B2="AIMAR FILHO", B2="ERICK HYLARIO", B2="IGOR CARNEIRO", B2="CESAR", B2="DANRLEI"), "ESPECIAIS","")))) -> ESPECIAIS | E2: =UPPER(TRIM(IFERROR(VLOOKUP(TBL_AUX_COMISSAO[[#This Row],[SEI]], TBL_BAIXADA[[SEI]:[STATUS]],4,FALSE), IFERROR(VLOOKUP(TBL_AUX_COMISSAO[[#This Row],[SEI]], Tabela2[[SEI]:[STATUS]],4,FALSE), IFERROR(VLOOKUP(TBL_AUX_COMISSAO[[#This Row],[SEI]], Tabela3[[SEI]:[STATUS]],4,FALSE), IFERROR(VLOOKUP(TBL_AUX_COMISSAO[[#This Row],[SEI]], Tabela59[[SEI]:[STATUS]],4,FALSE), IFERROR(VLOOKUP(TBL_AUX_COMISSAO[[#This Row],[SEI]], Tabela5[[SEI]:[STATUS]],4,FALSE),"Valor não encontrado"))))))) -> EXECUÇÃO | F2: =UPPER(IF(SUM(COUNTIF(BAIXADA!B:B,A2),COUNTIF(NORTE!B:B,A2),COUNTIF(SUL!B:B,A2))>0,"CIVIS", IF(COUNTIF(CONTIGENCIA!B:B,A2)>0,"CONTINGENCIA",IF(COUNTIF(ESPECIAIS!B:B,A2)>0,"ESPECIAIS","")))) -> ESPECIAIS
A3: 330018/000190/2022 | B3: =UPPER(TRIM(UPPER(IFERROR(VLOOKUP(A3,INDIRECT("'BAIXADA'!$B$3:$I$51"),3,FALSE), IFERROR(VLOOKUP(A3,INDIRECT("'NORTE'!$B$3:$I$21"),3,FALSE), IFERROR(VLOOKUP(A3,INDIRECT("'SUL'!$B$3:$I$31"),3,FALSE), IFERROR(VLOOKUP(A3,INDIRECT("'CONTIGENCIA'!$B$3:$I$22"),3,FALSE), IFERROR(VLOOKUP(A3,INDIRECT("'ESPECIAIS'!$B$3:$I$27"),3,FALSE),"")))))))) -> GISELLE G. FONSECA | C3: =IF(OR(B3="CARLOS FERNANDES", B3="GISELLE G. FONSECA"), "BAIXADA", IF(OR(B3="ISADORA ROSALINO", B3="JEHNIFFER PIRES"), "NORTE", IF(OR(B3="LUIZ FILHO", B3="MARCUS", B3="JAQUELINE PASTÓRIO"), "SUL", IF(OR(B3="AIMAR FILHO", B3="ERICK HYLARIO", B3="IGOR CARNEIRO", B3="CESAR", B3="DANRLEI"), "ESPECIAIS","")))) -> BAIXADA | E3: =UPPER(TRIM(IFERROR(VLOOKUP(TBL_AUX_COMISSAO[[#This Row],[SEI]], TBL_BAIXADA[[SEI]:[STATUS]],4,FALSE), IFERROR(VLOOKUP(TBL_AUX_COMISSAO[[#This Row],[SEI]], Tabela2[[SEI]:[STATUS]],4,FALSE), IFERROR(VLOOKUP(TBL_AUX_COMISSAO[[#This Row],[SEI]], Tabela3[[SEI]:[STATUS]],4,FALSE), IFERROR(VLOOKUP(TBL_AUX_COMISSAO[[#This Row],[SEI]], Tabela59[[SEI]:[STATUS]],4,FALSE), IFERROR(VLOOKUP(TBL_AUX_COMISSAO[[#This Row],[SEI]], Tabela5[[SEI]:[STATUS]],4,FALSE),"Valor não encontrado"))))))) -> CONCLUIDA | F3: =UPPER(IF(SUM(COUNTIF(BAIXADA!B:B,A3),COUNTIF(NORTE!B:B,A3),COUNTIF(SUL!B:B,A3))>0,"CIVIS", IF(COUNTIF(CONTIGENCIA!B:B,A3)>0,"CONTINGENCIA",IF(COUNTIF(ESPECIAIS!B:B,A3)>0,"ESPECIAIS","")))) -> CIVIS
A4: 330018/000568/2021 | B4: =UPPER(TRIM(UPPER(IFERROR(VLOOKUP(A4,INDIRECT("'BAIXADA'!$B$3:$I$51"),3,FALSE), IFERROR(VLOOKUP(A4,INDIRECT("'NORTE'!$B$3:$I$21"),3,FALSE), IFERROR(VLOOKUP(A4,INDIRECT("'SUL'!$B$3:$I$31"),3,FALSE), IFERROR(VLOOKUP(A4,INDIRECT("'CONTIGENCIA'!$B$3:$I$22"),3,FALSE), IFERROR(VLOOKUP(A4,INDIRECT("'ESPECIAIS'!$B$3:$I$27"),3,FALSE),"")))))))) -> LUIZ FILHO | C4: =IF(OR(B4="CARLOS FERNANDES", B4="GISELLE G. FONSECA"), "BAIXADA", IF(OR(B4="ISADORA ROSALINO", B4="JEHNIFFER PIRES"), "NORTE", IF(OR(B4="LUIZ FILHO", B4="MARCUS", B4="JAQUELINE PASTÓRIO"), "SUL", IF(OR(B4="AIMAR FILHO", B4="ERICK HYLARIO", B4="IGOR CARNEIRO", B4="CESAR", B4="DANRLEI"), "ESPECIAIS","")))) -> SUL | E4: =UPPER(TRIM(IFERROR(VLOOKUP(TBL_AUX_COMISSAO[[#This Row],[SEI]], TBL_BAIXADA[[SEI]:[STATUS]],4,FALSE), IFERROR(VLOOKUP(TBL_AUX_COMISSAO[[#This Row],[SEI]], Tabela2[[SEI]:[STATUS]],4,FALSE), IFERROR(VLOOKUP(TBL_AUX_COMISSAO[[#This Row],[SEI]], Tabela3[[SEI]:[STATUS]],4,FALSE), IFERROR(VLOOKUP(TBL_AUX_COMISSAO[[#This Row],[SEI]], Tabela59[[SEI]:[STATUS]],4,FALSE), IFERROR(VLOOKUP(TBL_AUX_COMISSAO[[#This Row],[SEI]], Tabela5[[SEI]:[STATUS]],4,FALSE),"Valor não encontrado"))))))) -> ACEITE PROVISORIO | F4: =UPPER(IF(SUM(COUNTIF(BAIXADA!B:B,A4),COUNTIF(NORTE!B:B,A4),COUNTIF(SUL!B:B,A4))>0,"CIVIS", IF(COUNTIF(CONTIGENCIA!B:B,A4)>0,"CONTINGENCIA",IF(COUNTIF(ESPECIAIS!B:B,A4)>0,"ESPECIAIS","")))) -> CIVIS
A5: 330018/000052/2022 | B5: =UPPER(TRIM(UPPER(IFERROR(VLOOKUP(A5,INDIRECT("'BAIXADA'!$B$3:$I$51"),3,FALSE), IFERROR(VLOOKUP(A5,INDIRECT("'NORTE'!$B$3:$I$21"),3,FALSE), IFERROR(VLOOKUP(A5,INDIRECT("'SUL'!$B$3:$I$31"),3,FALSE), IFERROR(VLOOKUP(A5,INDIRECT("'CONTIGENCIA'!$B$3:$I$22"),3,FALSE), IFERROR(VLOOKUP(A5,INDIRECT("'ESPECIAIS'!$B$3:$I$27"),3,FALSE),"")))))))) -> CARLOS FERNANDES | C5: =IF(OR(B5="CARLOS FERNANDES", B5="GISELLE G. FONSECA"), "BAIXADA", IF(OR(B5="ISADORA ROSALINO", B5="JEHNIFFER PIRES"), "NORTE", IF(OR(B5="LUIZ FILHO", B5="MARCUS", B5="JAQUELINE PASTÓRIO"), "SUL", IF(OR(B5="AIMAR FILHO", B5="ERICK HYLARIO", B5="IGOR CARNEIRO", B5="CESAR", B5="DANRLEI"), "ESPECIAIS","")))) -> BAIXADA | E5: =UPPER(TRIM(IFERROR(VLOOKUP(TBL_AUX_COMISSAO[[#This Row],[SEI]], TBL_BAIXADA[[SEI]:[STATUS]],4,FALSE), IFERROR(VLOOKUP(TBL_AUX_COMISSAO[[#This Row],[SEI]], Tabela2[[SEI]:[STATUS]],4,FALSE), IFERROR(VLOOKUP(TBL_AUX_COMISSAO[[#This Row],[SEI]], Tabela3[[SEI]:[STATUS]],4,FALSE), IFERROR(VLOOKUP(TBL_AUX_COMISSAO[[#This Row],[SEI]], Tabela59[[SEI]:[STATUS]],4,FALSE), IFERROR(VLOOKUP(TBL_AUX_COMISSAO[[#This Row],[SEI]], Tabela5[[SEI]:[STATUS]],4,FALSE),"Valor não encontrado"))))))) -> DISTRATO | F5: =UPPER(IF(SUM(COUNTIF(BAIXADA!B:B,A5),COUNTIF(NORTE!B:B,A5),COUNTIF(SUL!B:B,A5))>0,"CIVIS", IF(COUNTIF(CONTIGENCIA!B:B,A5)>0,"CONTINGENCIA",IF(COUNTIF(ESPECIAIS!B:B,A5)>0,"ESPECIAIS","")))) -> CIVIS
A6: 170026/002777/2021 | B6: =UPPER(TRIM(UPPER(IFERROR(VLOOKUP(A6,INDIRECT("'BAIXADA'!$B$3:$I$51"),3,FALSE), IFERROR(VLOOKUP(A6,INDIRECT("'NORTE'!$B$3:$I$21"),3,FALSE), IFERROR(VLOOKUP(A6,INDIRECT("'SUL'!$B$3:$I$31"),3,FALSE), IFERROR(VLOOKUP(A6,INDIRECT("'CONTIGENCIA'!$B$3:$I$22"),3,FALSE), IFERROR(VLOOKUP(A6,INDIRECT("'ESPECIAIS'!$B$3:$I$27"),3,FALSE),"")))))))) -> GISELLE G. FONSECA | C6: =IF(OR(B6="CARLOS FERNANDES", B6="GISELLE G. FONSECA"), "BAIXADA", IF(OR(B6="ISADORA ROSALINO", B6="JEHNIFFER PIRES"), "NORTE", IF(OR(B6="LUIZ FILHO", B6="MARCUS", B6="JAQUELINE PASTÓRIO"), "SUL", IF(OR(B6="AIMAR FILHO", B6="ERICK HYLARIO", B6="IGOR CARNEIRO", B6="CESAR", B6="DANRLEI"), "ESPECIAIS","")))) -> BAIXADA | E6: =UPPER(TRIM(IFERROR(VLOOKUP(TBL_AUX_COMISSAO[[#This Row],[SEI]], TBL_BAIXADA[[SEI]:[STATUS]],4,FALSE), IFERROR(VLOOKUP(TBL_AUX_COMISSAO[[#This Row],[SEI]], Tabela2[[SEI]:[STATUS]],4,FALSE), IFERROR(VLOOKUP(TBL_AUX_COMISSAO[[#This Row],[SEI]], Tabela3[[SEI]:[STATUS]],4,FALSE), IFERROR(VLOOKUP(TBL_AUX_COMISSAO[[#This Row],[SEI]], Tabela59[[SEI]:[STATUS]],4,FALSE), IFERROR(VLOOKUP(TBL_AUX_COMISSAO[[#This Row],[SEI]], Tabela5[[SEI]:[STATUS]],4,FALSE),"Valor não encontrado"))))))) -> DISTRATO | F6: =UPPER(IF(SUM(COUNTIF(BAIXADA!B:B,A6),COUNTIF(NORTE!B:B,A6),COUNTIF(SUL!B:B,A6))>0,"CIVIS", IF(COUNTIF(CONTIGENCIA!B:B,A6)>0,"CONTINGENCIA",IF(COUNTIF(ESPECIAIS!B:B,A6)>0,"ESPECIAIS","")))) -> CIVIS
A7: 170026/000538/2022 | B7: =UPPER(TRIM(UPPER(IFERROR(VLOOKUP(A7,INDIRECT("'BAIXADA'!$B$3:$I$51"),3,FALSE), IFERROR(VLOOKUP(A7,INDIRECT("'NORTE'!$B$3:$I$21"),3,FALSE), IFERROR(VLOOKUP(A7,INDIRECT("'SUL'!$B$3:$I$31"),3,FALSE), IFERROR(VLOOKUP(A7,INDIRECT("'CONTIGENCIA'!$B$3:$I$22"),3,FALSE), IFERROR(VLOOKUP(A7,INDIRECT("'ESPECIAIS'!$B$3:$I$27"),3,FALSE),"")))))))) -> CARLOS FERNANDES | C7: =IF(OR(B7="CARLOS FERNANDES", B7="GISELLE G. FONSECA"), "BAIXADA", IF(OR(B7="ISADORA ROSALINO", B7="JEHNIFFER PIRES"), "NORTE", IF(OR(B7="LUIZ FILHO", B7="MARCUS", B7="JAQUELINE PASTÓRIO"), "SUL", IF(OR(B7="AIMAR FILHO", B7="ERICK HYLARIO", B7="IGOR CARNEIRO", B7="CESAR", B7="DANRLEI"), "ESPECIAIS","")))) -> BAIXADA | E7: =UPPER(TRIM(IFERROR(VLOOKUP(TBL_AUX_COMISSAO[[#This Row],[SEI]], TBL_BAIXADA[[SEI]:[STATUS]],4,FALSE), IFERROR(VLOOKUP(TBL_AUX_COMISSAO[[#This Row],[SEI]], Tabela2[[SEI]:[STATUS]],4,FALSE), IFERROR(VLOOKUP(TBL_AUX_COMISSAO[[#This Row],[SEI]], Tabela3[[SEI]:[STATUS]],4,FALSE), IFERROR(VLOOKUP(TBL_AUX_COMISSAO[[#This Row],[SEI]], Tabela59[[SEI]:[STATUS]],4,FALSE), IFERROR(VLOOKUP(TBL_AUX_COMISSAO[[#This Row],[SEI]], Tabela5[[SEI]:[STATUS]],4,FALSE),"Valor não encontrado"))))))) -> CONCLUIDA | F7: =UPPER(IF(SUM(COUNTIF(BAIXADA!B:B,A7),COUNTIF(NORTE!B:B,A7),COUNTIF(SUL!B:B,A7))>0,"CIVIS", IF(COUNTIF(CONTIGENCIA!B:B,A7)>0,"CONTINGENCIA",IF(COUNTIF(ESPECIAIS!B:B,A7)>0,"ESPECIAIS","")))) -> CIVIS
A8: 170026/000277/2021 | B8: =UPPER(TRIM(UPPER(IFERROR(VLOOKUP(A8,INDIRECT("'BAIXADA'!$B$3:$I$51"),3,FALSE), IFERROR(VLOOKUP(A8,INDIRECT("'NORTE'!$B$3:$I$21"),3,FALSE), IFERROR(VLOOKUP(A8,INDIRECT("'SUL'!$B$3:$I$31"),3,FALSE), IFERROR(VLOOKUP(A8,INDIRECT("'CONTIGENCIA'!$B$3:$I$22"),3,FALSE), IFERROR(VLOOKUP(A8,INDIRECT("'ESPECIAIS'!$B$3:$I$27"),3,FALSE),"")))))))) -> IGOR CARNEIRO | C8: =IF(OR(B8="CARLOS FERNANDES", B8="GISELLE G. FONSECA"), "BAIXADA", IF(OR(B8="ISADORA ROSALINO", B8="JEHNIFFER PIRES"), "NORTE", IF(OR(B8="LUIZ FILHO", B8="MARCUS", B8="JAQUELINE PASTÓRIO"), "SUL", IF(OR(B8="AIMAR FILHO", B8="ERICK HYLARIO", B8="IGOR CARNEIRO", B8="CESAR", B8="DANRLEI"), "ESPECIAIS","")))) -> ESPECIAIS | E8: =UPPER(TRIM(IFERROR(VLOOKUP(TBL_AUX_COMISSAO[[#This Row],[SEI]], TBL_BAIXADA[[SEI]:[STATUS]],4,FALSE), IFERROR(VLOOKUP(TBL_AUX_COMISSAO[[#This Row],[SEI]], Tabela2[[SEI]:[STATUS]],4,FALSE), IFERROR(VLOOKUP(TBL_AUX_COMISSAO[[#This Row],[SEI]], Tabela3[[SEI]:[STATUS]],4,FALSE), IFERROR(VLOOKUP(TBL_AUX_COMISSAO[[#This Row],[SEI]], Tabela59[[SEI]:[STATUS]],4,FALSE), IFERROR(VLOOKUP(TBL_AUX_COMISSAO[[#This Row],[SEI]], Tabela5[[SEI]:[STATUS]],4,FALSE),"Valor não encontrado"))))))) -> EXECUÇÃO | F8: =UPPER(IF(SUM(COUNTIF(BAIXADA!B:B,A8),COUNTIF(NORTE!B:B,A8),COUNTIF(SUL!B:B,A8))>0,"CIVIS", IF(COUNTIF(CONTIGENCIA!B:B,A8)>0,"CONTINGENCIA",IF(COUNTIF(ESPECIAIS!B:B,A8)>0,"ESPECIAIS","")))) -> ESPECIAIS
A9: 330018/000227/2022 | B9: =UPPER(TRIM(UPPER(IFERROR(VLOOKUP(A9,INDIRECT("'BAIXADA'!$B$3:$I$51"),3,FALSE), IFERROR(VLOOKUP(A9,INDIRECT("'NORTE'!$B$3:$I$21"),3,FALSE), IFERROR(VLOOKUP(A9,INDIRECT("'SUL'!$B$3:$I$31"),3,FALSE), IFERROR(VLOOKUP(A9,INDIRECT("'CONTIGENCIA'!$B$3:$I$22"),3,FALSE), IFERROR(VLOOKUP(A9,INDIRECT("'ESPECIAIS'!$B$3:$I$27"),3,FALSE),"")))))))) -> CARLOS FERNANDES | C9: =IF(OR(B9="CARLOS FERNANDES", B9="GISELLE G. FONSECA"), "BAIXADA", IF(OR(B9="ISADORA ROSALINO", B9="JEHNIFFER PIRES"), "NORTE", IF(OR(B9="LUIZ FILHO", B9="MARCUS", B9="JAQUELINE PASTÓRIO"), "SUL", IF(OR(B9="AIMAR FILHO", B9="ERICK HYLARIO", B9="IGOR CARNEIRO", B9="CESAR", B9="DANRLEI"), "ESPECIAIS","")))) -> BAIXADA | E9: =UPPER(TRIM(IFERROR(VLOOKUP(TBL_AUX_COMISSAO[[#This Row],[SEI]], TBL_BAIXADA[[SEI]:[STATUS]],4,FALSE), IFERROR(VLOOKUP(TBL_AUX_COMISSAO[[#This Row],[SEI]], Tabela2[[SEI]:[STATUS]],4,FALSE), IFERROR(VLOOKUP(TBL_AUX_COMISSAO[[#This Row],[SEI]], Tabela3[[SEI]:[STATUS]],4,FALSE), IFERROR(VLOOKUP(TBL_AUX_COMISSAO[[#This Row],[SEI]], Tabela59[[SEI]:[STATUS]],4,FALSE), IFERROR(VLOOKUP(TBL_AUX_COMISSAO[[#This Row],[SEI]], Tabela5[[SEI]:[STATUS]],4,FALSE),"Valor não encontrado"))))))) -> DISTRATO | F9: =UPPER(IF(SUM(COUNTIF(BAIXADA!B:B,A9),COUNTIF(NORTE!B:B,A9),COUNTIF(SUL!B:B,A9))>0,"CIVIS", IF(COUNTIF(CONTIGENCIA!B:B,A9)>0,"CONTINGENCIA",IF(COUNTIF(ESPECIAIS!B:B,A9)>0,"ESPECIAIS","")))) -> CIVIS
A10: 170026/000230/2022 | B10: =UPPER(TRIM(UPPER(IFERROR(VLOOKUP(A10,INDIRECT("'BAIXADA'!$B$3:$I$51"),3,FALSE), IFERROR(VLOOKUP(A10,INDIRECT("'NORTE'!$B$3:$I$21"),3,FALSE), IFERROR(VLOOKUP(A10,INDIRECT("'SUL'!$B$3:$I$31"),3,FALSE), IFERROR(VLOOKUP(A10,INDIRECT("'CONTIGENCIA'!$B$3:$I$22"),3,FALSE), IFERROR(VLOOKUP(A10,INDIRECT("'ESPECIAIS'!$B$3:$I$27"),3,FALSE),"")))))))) -> CARLOS FERNANDES | C10: =IF(OR(B10="CARLOS FERNANDES", B10="GISELLE G. FONSECA"), "BAIXADA", IF(OR(B10="ISADORA ROSALINO", B10="JEHNIFFER PIRES"), "NORTE", IF(OR(B10="LUIZ FILHO", B10="MARCUS", B10="JAQUELINE PASTÓRIO"), "SUL", IF(OR(B10="AIMAR FILHO", B10="ERICK HYLARIO", B10="IGOR CARNEIRO", B10="CESAR", B10="DANRLEI"), "ESPECIAIS","")))) -> BAIXADA | E10: =UPPER(TRIM(IFERROR(VLOOKUP(TBL_AUX_COMISSAO[[#This Row],[SEI]], TBL_BAIXADA[[SEI]:[STATUS]],4,FALSE), IFERROR(VLOOKUP(TBL_AUX_COMISSAO[[#This Row],[SEI]], Tabela2[[SEI]:[STATUS]],4,FALSE), IFERROR(VLOOKUP(TBL_AUX_COMISSAO[[#This Row],[SEI]], Tabela3[[SEI]:[STATUS]],4,FALSE), IFERROR(VLOOKUP(TBL_AUX_COMISSAO[[#This Row],[SEI]], Tabela59[[SEI]:[STATUS]],4,FALSE), IFERROR(VLOOKUP(TBL_AUX_COMISSAO[[#This Row],[SEI]], Tabela5[[SEI]:[STATUS]],4,FALSE),"Valor não encontrado"))))))) -> #CONCLUIDA | F10: =UPPER(IF(SUM(COUNTIF(BAIXADA!B:B,A10),COUNTIF(NORTE!B:B,A10),COUNTIF(SUL!B:B,A10))>0,"CIVIS", IF(COUNTIF(CONTIGENCIA!B:B,A10)>0,"CONTINGENCIA",IF(COUNTIF(ESPECIAIS!B:B,A10)>0,"ESPECIAIS","")))) -> CIVIS
A11: 170026/000821/2021 | B11: =UPPER(TRIM(UPPER(IFERROR(VLOOKUP(A11,INDIRECT("'BAIXADA'!$B$3:$I$51"),3,FALSE), IFERROR(VLOOKUP(A11,INDIRECT("'NORTE'!$B$3:$I$21"),3,FALSE), IFERROR(VLOOKUP(A11,INDIRECT("'SUL'!$B$3:$I$31"),3,FALSE), IFERROR(VLOOKUP(A11,INDIRECT("'CONTIGENCIA'!$B$3:$I$22"),3,FALSE), IFERROR(VLOOKUP(A11,INDIRECT("'ESPECIAIS'!$B$3:$I$27"),3,FALSE),"")))))))) -> IGOR CARNEIRO | C11: =IF(OR(B11="CARLOS FERNANDES", B11="GISELLE G. FONSECA"), "BAIXADA", IF(OR(B11="ISADORA ROSALINO", B11="JEHNIFFER PIRES"), "NORTE", IF(OR(B11="LUIZ FILHO", B11="MARCUS", B11="JAQUELINE PASTÓRIO"), "SUL", IF(OR(B11="AIMAR FILHO", B11="ERICK HYLARIO", B11="IGOR CARNEIRO", B11="CESAR", B11="DANRLEI"), "ESPECIAIS","")))) -> ESPECIAIS | E11: =UPPER(TRIM(IFERROR(VLOOKUP(TBL_AUX_COMISSAO[[#This Row],[SEI]], TBL_BAIXADA[[SEI]:[STATUS]],4,FALSE), IFERROR(VLOOKUP(TBL_AUX_COMISSAO[[#This Row],[SEI]], Tabela2[[SEI]:[STATUS]],4,FALSE), IFERROR(VLOOKUP(TBL_AUX_COMISSAO[[#This Row],[SEI]], Tabela3[[SEI]:[STATUS]],4,FALSE), IFERROR(VLOOKUP(TBL_AUX_COMISSAO[[#This Row],[SEI]], Tabela59[[SEI]:[STATUS]],4,FALSE), IFERROR(VLOOKUP(TBL_AUX_COMISSAO[[#This Row],[SEI]], Tabela5[[SEI]:[STATUS]],4,FALSE),"Valor não encontrado"))))))) -> #CONCLUIDA | F11: =UPPER(IF(SUM(COUNTIF(BAIXADA!B:B,A11),COUNTIF(NORTE!B:B,A11),COUNTIF(SUL!B:B,A11))>0,"CIVIS", IF(COUNTIF(CONTIGENCIA!B:B,A11)>0,"CONTINGENCIA",IF(COUNTIF(ESPECIAIS!B:B,A11)>0,"ESPECIAIS","")))) -> ESPECIAIS
A12: 170026/001611/2020 | B12: =UPPER(TRIM(UPPER(IFERROR(VLOOKUP(A12,INDIRECT("'BAIXADA'!$B$3:$I$51"),3,FALSE), IFERROR(VLOOKUP(A12,INDIRECT("'NORTE'!$B$3:$I$21"),3,FALSE), IFERROR(VLOOKUP(A12,INDIRECT("'SUL'!$B$3:$I$31"),3,FALSE), IFERROR(VLOOKUP(A12,INDIRECT("'CONTIGENCIA'!$B$3:$I$22"),3,FALSE), IFERROR(VLOOKUP(A12,INDIRECT("'ESPECIAIS'!$B$3:$I$27"),3,FALSE),"")))))))) -> GISELLE G. FONSECA | C12: =IF(OR(B12="CARLOS FERNANDES", B12="GISELLE G. FONSECA"), "BAIXADA", IF(OR(B12="ISADORA ROSALINO", B12="JEHNIFFER PIRES"), "NORTE", IF(OR(B12="LUIZ FILHO", B12="MARCUS", B12="JAQUELINE PASTÓRIO"), "SUL", IF(OR(B12="AIMAR FILHO", B12="ERICK HYLARIO", B12="IGOR CARNEIRO", B12="CESAR", B12="DANRLEI"), "ESPECIAIS","")))) -> BAIXADA | E12: =UPPER(TRIM(IFERROR(VLOOKUP(TBL_AUX_COMISSAO[[#This Row],[SEI]], TBL_BAIXADA[[SEI]:[STATUS]],4,FALSE), IFERROR(VLOOKUP(TBL_AUX_COMISSAO[[#This Row],[SEI]], Tabela2[[SEI]:[STATUS]],4,FALSE), IFERROR(VLOOKUP(TBL_AUX_COMISSAO[[#This Row],[SEI]], Tabela3[[SEI]:[STATUS]],4,FALSE), IFERROR(VLOOKUP(TBL_AUX_COMISSAO[[#This Row],[SEI]], Tabela59[[SEI]:[STATUS]],4,FALSE), IFERROR(VLOOKUP(TBL_AUX_COMISSAO[[#This Row],[SEI]], Tabela5[[SEI]:[STATUS]],4,FALSE),"Valor não encontrado"))))))) -> CONCLUIDA | F12: =UPPER(IF(SUM(COUNTIF(BAIXADA!B:B,A12),COUNTIF(NORTE!B:B,A12),COUNTIF(SUL!B:B,A12))>0,"CIVIS", IF(COUNTIF(CONTIGENCIA!B:B,A12)>0,"CONTINGENCIA",IF(COUNTIF(ESPECIAIS!B:B,A12)>0,"ESPECIAIS","")))) -> CIVIS
A13: 330018/000333/2022 | B13: =UPPER(TRIM(UPPER(IFERROR(VLOOKUP(A13,INDIRECT("'BAIXADA'!$B$3:$I$51"),3,FALSE), IFERROR(VLOOKUP(A13,INDIRECT("'NORTE'!$B$3:$I$21"),3,FALSE), IFERROR(VLOOKUP(A13,INDIRECT("'SUL'!$B$3:$I$31"),3,FALSE), IFERROR(VLOOKUP(A13,INDIRECT("'CONTIGENCIA'!$B$3:$I$22"),3,FALSE), IFERROR(VLOOKUP(A13,INDIRECT("'ESPECIAIS'!$B$3:$I$27"),3,FALSE),"")))))))) -> CARLOS FERNANDES | C13: =IF(OR(B13="CARLOS FERNANDES", B13="GISELLE G. FONSECA"), "BAIXADA", IF(OR(B13="ISADORA ROSALINO", B13="JEHNIFFER PIRES"), "NORTE", IF(OR(B13="LUIZ FILHO", B13="MARCUS", B13="JAQUELINE PASTÓRIO"), "SUL", IF(OR(B13="AIMAR FILHO", B13="ERICK HYLARIO", B13="IGOR CARNEIRO", B13="CESAR", B13="DANRLEI"), "ESPECIAIS","")))) -> BAIXADA | E13: =UPPER(TRIM(IFERROR(VLOOKUP(TBL_AUX_COMISSAO[[#This Row],[SEI]], TBL_BAIXADA[[SEI]:[STATUS]],4,FALSE), IFERROR(VLOOKUP(TBL_AUX_COMISSAO[[#This Row],[SEI]], Tabela2[[SEI]:[STATUS]],4,FALSE), IFERROR(VLOOKUP(TBL_AUX_COMISSAO[[#This Row],[SEI]], Tabela3[[SEI]:[STATUS]],4,FALSE), IFERROR(VLOOKUP(TBL_AUX_COMISSAO[[#This Row],[SEI]], Tabela59[[SEI]:[STATUS]],4,FALSE), IFERROR(VLOOKUP(TBL_AUX_COMISSAO[[#This Row],[SEI]], Tabela5[[SEI]:[STATUS]],4,FALSE),"Valor não encontrado"))))))) -> SUSPENSA | F13: =UPPER(IF(SUM(COUNTIF(BAIXADA!B:B,A13),COUNTIF(NORTE!B:B,A13),COUNTIF(SUL!B:B,A13))>0,"CIVIS", IF(COUNTIF(CONTIGENCIA!B:B,A13)>0,"CONTINGENCIA",IF(COUNTIF(ESPECIAIS!B:B,A13)>0,"ESPECIAIS","")))) -> CIVIS
... A130: 330001/001337/2025 | B130: =UPPER(TRIM(UPPER(IFERROR(VLOOKUP(A130,INDIRECT("'BAIXADA'!$B$3:$I$51"),3,FALSE), IFERROR(VLOOKUP(A130,INDIRECT("'NORTE'!$B$3:$I$21"),3,FALSE), IFERROR(VLOOKUP(A130,INDIRECT("'SUL'!$B$3:$I$31"),3,FALSE), IFERROR(VLOOKUP(A130,INDIRECT("'CONTIGENCIA'!$B$3:$I$22"),3,FALSE), IFERROR(VLOOKUP(A130,INDIRECT("'ESPECIAIS'!$B$3:$I$27"),3,FALSE),"")))))))) -> GISELLE G. FONSECA | C130: =IF(OR(B130="CARLOS FERNANDES", B130="GISELLE G. FONSECA"), "BAIXADA", IF(OR(B130="ISADORA ROSALINO", B130="JEHNIFFER PIRES"), "NORTE", IF(OR(B130="LUIZ FILHO", B130="MARCUS", B130="JAQUELINE PASTÓRIO"), "SUL", IF(OR(B130="AIMAR FILHO", B130="ERICK HYLARIO", B130="IGOR CARNEIRO", B130="CESAR", B130="DANRLEI"), "ESPECIAIS","")))) -> BAIXADA | E130: =UPPER(TRIM(IFERROR(VLOOKUP(TBL_AUX_COMISSAO[[#This Row],[SEI]], TBL_BAIXADA[[SEI]:[STATUS]],4,FALSE), IFERROR(VLOOKUP(TBL_AUX_COMISSAO[[#This Row],[SEI]], Tabela2[[SEI]:[STATUS]],4,FALSE), IFERROR(VLOOKUP(TBL_AUX_COMISSAO[[#This Row],[SEI]], Tabela3[[SEI]:[STATUS]],4,FALSE), IFERROR(VLOOKUP(TBL_AUX_COMISSAO[[#This Row],[SEI]], Tabela59[[SEI]:[STATUS]],4,FALSE), IFERROR(VLOOKUP(TBL_AUX_COMISSAO[[#This Row],[SEI]], Tabela5[[SEI]:[STATUS]],4,FALSE),"Valor não encontrado"))))))) -> EXECUÇÃO | F130: =UPPER(IF(SUM(COUNTIF(BAIXADA!B:B,A130),COUNTIF(NORTE!B:B,A130),COUNTIF(SUL!B:B,A130))>0,"CIVIS", IF(COUNTIF(CONTIGENCIA!B:B,A130)>0,"CONTINGENCIA",IF(COUNTIF(ESPECIAIS!B:B,A130)>0,"ESPECIAIS","")))) -> CONTINGENCIA
